id,name,description,basePrice,sku,unit,currency,categoryId,supplierId,isActive,createdAt,updatedAt
p1,Product 1,Product description 1,77179,SKU-1,pcs,INR,c19,s14,true,2024-09-28T17:17:15.034Z,2024-08-01T17:47:44.835Z
p2,Product 2,Product description 2,22912,SKU-2,pcs,INR,c12,s10,true,2024-11-18T12:30:09.056Z,2024-04-28T09:11:02.620Z
p3,Product 3,Product description 3,34402,SKU-3,pcs,INR,c15,s1,true,2024-10-27T20:17:03.771Z,2024-11-02T18:48:57.247Z
p4,Product 4,Product description 4,39663,SKU-4,pcs,INR,c19,s16,true,2025-11-11T11:36:42.308Z,2025-12-14T02:56:40.649Z
p5,Product 5,Product description 5,23291,SKU-5,pcs,INR,c9,s23,true,2024-04-24T09:48:53.598Z,2026-01-31T00:25:43.976Z
p6,Product 6,Product description 6,16467,SKU-6,pcs,INR,c8,s22,true,2024-11-05T05:53:23.417Z,2025-06-23T00:58:01.724Z
p7,Product 7,Product description 7,7902,SKU-7,pcs,INR,c19,s21,true,2024-10-03T08:21:42.748Z,2024-10-06T05:24:10.631Z
p8,Product 8,Product description 8,47763,SKU-8,pcs,INR,c17,s13,true,2025-07-19T11:31:17.721Z,2025-03-01T00:33:08.883Z
p9,Product 9,Product description 9,49351,SKU-9,pcs,INR,c12,s27,true,2025-03-09T01:12:07.802Z,2025-01-21T00:52:58.972Z
p10,Product 10,Product description 10,57582,SKU-10,pcs,INR,c20,s19,true,2024-11-19T15:31:43.186Z,2025-04-11T17:05:48.661Z
p11,Product 11,Product description 11,68567,SKU-11,pcs,INR,c10,s18,true,2025-12-01T13:59:36.472Z,2025-10-26T02:32:53.817Z
p12,Product 12,Product description 12,68502,SKU-12,pcs,INR,c12,s26,true,2024-03-26T22:03:38.282Z,2024-06-01T11:03:17.016Z
p13,Product 13,Product description 13,73689,SKU-13,pcs,INR,c8,s12,true,2025-03-28T09:42:14.002Z,2025-04-27T15:09:38.443Z
p14,Product 14,Product description 14,54970,SKU-14,pcs,INR,c2,s23,true,2024-03-23T04:07:01.356Z,2024-10-01T22:59:46.645Z
p15,Product 15,Product description 15,1084,SKU-15,pcs,INR,c19,s21,true,2025-02-19T01:29:48.353Z,2024-06-07T05:51:14.400Z
p16,Product 16,Product description 16,66379,SKU-16,pcs,INR,c1,s26,true,2025-11-19T14:23:01.810Z,2024-07-24T09:25:56.850Z
p17,Product 17,Product description 17,39968,SKU-17,pcs,INR,c7,s10,true,2025-07-18T02:51:26.090Z,2025-09-02T21:07:32.495Z
p18,Product 18,Product description 18,2357,SKU-18,pcs,INR,c9,s10,true,2024-04-07T07:06:58.886Z,2025-02-06T10:37:58.981Z
p19,Product 19,Product description 19,33414,SKU-19,pcs,INR,c8,s23,true,2024-06-12T00:40:31.851Z,2026-01-12T10:26:51.954Z
p20,Product 20,Product description 20,42689,SKU-20,pcs,INR,c6,s29,true,2024-06-12T18:51:20.687Z,2025-09-12T17:03:06.341Z
p21,Product 21,Product description 21,19847,SKU-21,pcs,INR,c12,s5,true,2025-12-27T09:27:17.215Z,2024-09-12T22:43:15.707Z
p22,Product 22,Product description 22,3673,SKU-22,pcs,INR,c15,s6,true,2024-10-07T10:23:10.328Z,2025-08-31T20:00:23.442Z
p23,Product 23,Product description 23,68856,SKU-23,pcs,INR,c2,s25,true,2026-02-06T06:44:01.829Z,2025-12-27T15:29:16.884Z
p24,Product 24,Product description 24,26566,SKU-24,pcs,INR,c2,s25,true,2025-05-23T00:57:02.912Z,2025-04-20T03:02:59.424Z
p25,Product 25,Product description 25,52187,SKU-25,pcs,INR,c6,s20,true,2025-09-09T08:19:31.176Z,2024-05-22T08:22:28.139Z
p26,Product 26,Product description 26,43039,SKU-26,pcs,INR,c3,s29,true,2025-08-26T07:00:55.725Z,2025-04-01T15:43:36.285Z
p27,Product 27,Product description 27,20344,SKU-27,pcs,INR,c5,s3,true,2024-08-01T09:19:59.979Z,2025-11-28T01:46:35.573Z
p28,Product 28,Product description 28,54759,SKU-28,pcs,INR,c11,s25,true,2025-12-17T00:36:29.439Z,2024-06-27T16:20:36.274Z
p29,Product 29,Product description 29,21287,SKU-29,pcs,INR,c8,s26,true,2025-05-30T06:13:40.936Z,2025-07-07T16:27:53.922Z
p30,Product 30,Product description 30,63710,SKU-30,pcs,INR,c20,s8,true,2024-04-27T16:21:13.879Z,2025-07-31T01:45:39.236Z
p31,Product 31,Product description 31,51520,SKU-31,pcs,INR,c16,s2,true,2026-01-16T00:04:20.351Z,2025-02-14T19:06:49.032Z
p32,Product 32,Product description 32,31619,SKU-32,pcs,INR,c17,s17,true,2024-03-19T12:01:58.790Z,2024-07-09T09:41:07.962Z
p33,Product 33,Product description 33,37782,SKU-33,pcs,INR,c7,s18,true,2026-01-30T04:08:31.692Z,2024-11-24T03:19:20.927Z
p34,Product 34,Product description 34,79041,SKU-34,pcs,INR,c12,s16,true,2025-07-25T12:48:50.386Z,2025-08-09T17:26:48.632Z
p35,Product 35,Product description 35,22518,SKU-35,pcs,INR,c15,s10,true,2025-06-15T02:56:53.490Z,2026-02-11T12:20:34.319Z
p36,Product 36,Product description 36,45911,SKU-36,pcs,INR,c18,s19,true,2024-03-17T05:31:01.717Z,2025-01-13T18:44:54.639Z
p37,Product 37,Product description 37,43651,SKU-37,pcs,INR,c4,s21,true,2025-04-13T10:57:37.445Z,2024-04-30T11:18:07.455Z
p38,Product 38,Product description 38,71936,SKU-38,pcs,INR,c5,s26,true,2024-04-21T08:07:44.220Z,2024-11-11T21:29:46.471Z
p39,Product 39,Product description 39,41796,SKU-39,pcs,INR,c15,s19,true,2024-08-25T15:49:07.646Z,2026-01-21T14:07:11.107Z
p40,Product 40,Product description 40,63698,SKU-40,pcs,INR,c19,s10,true,2024-04-19T20:23:20.194Z,2025-12-11T05:15:57.476Z
p41,Product 41,Product description 41,65963,SKU-41,pcs,INR,c2,s29,true,2024-07-12T05:42:17.149Z,2024-03-24T07:01:52.340Z
p42,Product 42,Product description 42,77110,SKU-42,pcs,INR,c13,s23,true,2025-10-04T08:03:56.766Z,2025-08-05T19:36:55.019Z
p43,Product 43,Product description 43,5996,SKU-43,pcs,INR,c20,s22,true,2025-11-22T05:23:48.672Z,2025-07-01T01:29:00.939Z
p44,Product 44,Product description 44,2627,SKU-44,pcs,INR,c12,s20,true,2025-02-13T16:50:03.502Z,2024-10-16T05:02:26.743Z
p45,Product 45,Product description 45,17287,SKU-45,pcs,INR,c12,s13,true,2024-12-18T22:19:48.867Z,2024-12-05T10:58:17.630Z
p46,Product 46,Product description 46,32641,SKU-46,pcs,INR,c13,s21,true,2025-02-16T09:25:56.450Z,2025-02-26T22:02:46.462Z
p47,Product 47,Product description 47,48233,SKU-47,pcs,INR,c19,s3,true,2025-03-01T15:51:42.233Z,2025-11-29T09:30:53.695Z
p48,Product 48,Product description 48,52118,SKU-48,pcs,INR,c19,s10,true,2024-11-03T09:45:19.296Z,2024-10-23T07:11:50.044Z
p49,Product 49,Product description 49,29326,SKU-49,pcs,INR,c9,s13,true,2024-08-26T03:34:27.167Z,2026-02-16T03:57:53.177Z
p50,Product 50,Product description 50,9217,SKU-50,pcs,INR,c7,s26,true,2026-02-13T02:52:08.885Z,2025-04-03T04:01:46.822Z
p51,Product 51,Product description 51,15552,SKU-51,pcs,INR,c7,s30,true,2024-05-27T03:20:03.469Z,2026-02-06T20:56:52.364Z
p52,Product 52,Product description 52,40647,SKU-52,pcs,INR,c6,s24,true,2025-10-08T21:46:38.945Z,2025-08-30T12:07:18.378Z
p53,Product 53,Product description 53,20015,SKU-53,pcs,INR,c6,s30,true,2024-10-04T23:25:05.321Z,2025-04-29T06:37:41.418Z
p54,Product 54,Product description 54,35865,SKU-54,pcs,INR,c18,s13,true,2025-03-31T15:52:17.747Z,2026-02-18T15:57:29.420Z
p55,Product 55,Product description 55,19638,SKU-55,pcs,INR,c11,s20,true,2025-06-14T15:32:53.081Z,2025-03-07T21:58:29.938Z
p56,Product 56,Product description 56,52186,SKU-56,pcs,INR,c11,s27,true,2025-12-31T06:50:37.653Z,2025-08-14T04:14:06.585Z
p57,Product 57,Product description 57,19910,SKU-57,pcs,INR,c12,s29,true,2025-07-28T09:37:42.180Z,2025-06-29T18:43:34.390Z
p58,Product 58,Product description 58,16123,SKU-58,pcs,INR,c4,s2,true,2025-08-06T09:55:33.737Z,2025-12-18T14:29:40.095Z
p59,Product 59,Product description 59,23193,SKU-59,pcs,INR,c5,s15,true,2026-02-07T12:25:06.958Z,2025-04-26T06:11:51.755Z
p60,Product 60,Product description 60,37512,SKU-60,pcs,INR,c11,s17,true,2026-01-29T04:30:45.618Z,2025-06-11T06:40:45.306Z
p61,Product 61,Product description 61,72696,SKU-61,pcs,INR,c12,s7,true,2024-04-03T22:54:23.513Z,2025-05-03T15:49:37.714Z
p62,Product 62,Product description 62,23299,SKU-62,pcs,INR,c1,s5,true,2025-04-12T17:40:41.167Z,2024-09-03T03:28:44.020Z
p63,Product 63,Product description 63,59519,SKU-63,pcs,INR,c3,s8,true,2025-03-12T12:56:01.301Z,2025-08-31T17:57:31.909Z
p64,Product 64,Product description 64,28526,SKU-64,pcs,INR,c16,s21,true,2024-08-07T09:07:53.474Z,2024-03-15T20:25:31.898Z
p65,Product 65,Product description 65,77216,SKU-65,pcs,INR,c3,s10,true,2025-09-10T21:17:46.931Z,2025-06-30T07:07:11.530Z
p66,Product 66,Product description 66,9453,SKU-66,pcs,INR,c1,s23,true,2025-03-19T23:33:12.392Z,2024-04-02T03:59:10.750Z
p67,Product 67,Product description 67,16535,SKU-67,pcs,INR,c10,s25,true,2025-07-12T14:07:08.985Z,2024-04-04T01:37:35.665Z
p68,Product 68,Product description 68,79445,SKU-68,pcs,INR,c10,s3,true,2024-04-17T05:25:15.690Z,2024-12-02T03:48:25.690Z
p69,Product 69,Product description 69,24769,SKU-69,pcs,INR,c4,s24,true,2024-09-10T01:03:13.625Z,2025-10-22T00:15:23.471Z
p70,Product 70,Product description 70,32644,SKU-70,pcs,INR,c16,s3,true,2025-08-07T14:33:17.180Z,2025-09-07T20:24:44.833Z
p71,Product 71,Product description 71,67085,SKU-71,pcs,INR,c11,s6,true,2024-08-07T09:01:38.353Z,2024-11-17T07:02:10.140Z
p72,Product 72,Product description 72,15103,SKU-72,pcs,INR,c18,s5,true,2025-04-16T02:41:17.439Z,2024-09-08T19:47:19.206Z
p73,Product 73,Product description 73,30330,SKU-73,pcs,INR,c13,s3,true,2025-09-27T14:36:45.255Z,2025-11-05T20:54:16.598Z
p74,Product 74,Product description 74,21467,SKU-74,pcs,INR,c2,s30,true,2024-04-24T20:26:27.124Z,2025-05-14T08:34:37.029Z
p75,Product 75,Product description 75,3841,SKU-75,pcs,INR,c11,s12,true,2025-05-09T12:34:11.778Z,2024-11-30T11:28:30.011Z
p76,Product 76,Product description 76,52624,SKU-76,pcs,INR,c17,s7,true,2024-07-04T16:31:59.102Z,2025-07-06T11:19:24.119Z
p77,Product 77,Product description 77,66130,SKU-77,pcs,INR,c5,s19,true,2024-09-29T08:46:45.795Z,2024-06-29T00:35:56.515Z
p78,Product 78,Product description 78,30007,SKU-78,pcs,INR,c13,s5,true,2025-06-04T03:58:01.508Z,2024-08-09T20:54:22.126Z
p79,Product 79,Product description 79,36378,SKU-79,pcs,INR,c4,s25,true,2025-08-28T01:28:06.399Z,2026-01-19T03:08:18.535Z
p80,Product 80,Product description 80,43567,SKU-80,pcs,INR,c19,s13,true,2025-11-13T18:49:39.695Z,2024-06-06T05:17:02.799Z
p81,Product 81,Product description 81,47383,SKU-81,pcs,INR,c18,s2,true,2025-05-26T11:42:44.504Z,2024-06-04T00:26:30.167Z
p82,Product 82,Product description 82,8266,SKU-82,pcs,INR,c7,s18,true,2025-06-30T04:52:41.064Z,2025-01-18T01:13:03.363Z
p83,Product 83,Product description 83,17803,SKU-83,pcs,INR,c6,s27,true,2025-01-01T04:30:32.512Z,2026-02-03T00:11:59.740Z
p84,Product 84,Product description 84,38466,SKU-84,pcs,INR,c20,s24,true,2026-02-18T08:58:39.958Z,2026-02-07T05:15:52.918Z
p85,Product 85,Product description 85,58962,SKU-85,pcs,INR,c2,s19,true,2024-08-26T13:15:29.622Z,2024-07-17T22:19:27.693Z
p86,Product 86,Product description 86,710,SKU-86,pcs,INR,c19,s14,true,2025-08-10T06:27:12.779Z,2024-03-27T19:11:44.151Z
p87,Product 87,Product description 87,41593,SKU-87,pcs,INR,c16,s3,true,2025-03-16T15:08:15.037Z,2025-01-16T04:58:30.102Z
p88,Product 88,Product description 88,15360,SKU-88,pcs,INR,c1,s15,true,2024-05-28T16:45:35.560Z,2025-03-26T08:01:38.827Z
p89,Product 89,Product description 89,17947,SKU-89,pcs,INR,c16,s19,true,2024-05-26T06:24:20.340Z,2025-11-17T14:21:35.481Z
p90,Product 90,Product description 90,22285,SKU-90,pcs,INR,c3,s9,true,2024-07-06T22:07:11.529Z,2025-08-29T03:18:13.903Z
p91,Product 91,Product description 91,36147,SKU-91,pcs,INR,c4,s8,true,2025-04-25T16:15:26.549Z,2025-06-21T21:14:55.867Z
p92,Product 92,Product description 92,49657,SKU-92,pcs,INR,c10,s25,true,2024-04-24T12:38:32.918Z,2024-03-20T11:46:19.971Z
p93,Product 93,Product description 93,31082,SKU-93,pcs,INR,c2,s23,true,2024-10-21T11:28:41.212Z,2025-12-09T14:03:51.557Z
p94,Product 94,Product description 94,72934,SKU-94,pcs,INR,c2,s4,true,2025-08-29T08:11:42.637Z,2025-04-07T13:00:44.567Z
p95,Product 95,Product description 95,56233,SKU-95,pcs,INR,c5,s5,true,2025-03-12T03:45:46.426Z,2025-11-13T21:18:22.549Z
p96,Product 96,Product description 96,72346,SKU-96,pcs,INR,c4,s14,true,2024-10-16T23:58:13.890Z,2025-09-12T05:49:09.764Z
p97,Product 97,Product description 97,39476,SKU-97,pcs,INR,c12,s29,true,2025-01-24T21:38:07.298Z,2024-05-07T20:18:17.123Z
p98,Product 98,Product description 98,69052,SKU-98,pcs,INR,c8,s9,true,2024-05-08T15:11:02.344Z,2024-06-14T03:46:14.358Z
p99,Product 99,Product description 99,3476,SKU-99,pcs,INR,c18,s27,true,2025-09-22T10:24:34.609Z,2024-10-19T03:32:45.031Z
p100,Product 100,Product description 100,48135,SKU-100,pcs,INR,c9,s5,true,2024-03-07T17:22:56.285Z,2024-12-24T09:38:08.023Z
p101,Product 101,Product description 101,73591,SKU-101,pcs,INR,c16,s2,true,2025-05-16T12:36:25.294Z,2025-05-20T13:52:26.362Z
p102,Product 102,Product description 102,72261,SKU-102,pcs,INR,c9,s7,true,2025-04-22T06:21:28.529Z,2025-12-01T22:11:58.641Z
p103,Product 103,Product description 103,15317,SKU-103,pcs,INR,c13,s30,true,2024-05-05T12:23:39.425Z,2024-12-07T22:33:00.843Z
p104,Product 104,Product description 104,42489,SKU-104,pcs,INR,c15,s12,true,2024-07-25T18:40:32.971Z,2025-05-29T09:25:42.922Z
p105,Product 105,Product description 105,57989,SKU-105,pcs,INR,c4,s19,true,2024-07-29T00:07:11.173Z,2025-03-19T20:09:47.795Z
p106,Product 106,Product description 106,62354,SKU-106,pcs,INR,c12,s27,true,2026-01-13T18:04:35.777Z,2025-02-02T09:11:48.028Z
p107,Product 107,Product description 107,66694,SKU-107,pcs,INR,c2,s17,true,2026-01-13T23:41:11.449Z,2025-03-15T13:10:39.352Z
p108,Product 108,Product description 108,66652,SKU-108,pcs,INR,c3,s21,true,2024-04-19T05:07:37.968Z,2024-04-17T22:47:54.518Z
p109,Product 109,Product description 109,17566,SKU-109,pcs,INR,c13,s5,true,2025-09-04T03:57:18.740Z,2025-08-03T22:26:35.799Z
p110,Product 110,Product description 110,55985,SKU-110,pcs,INR,c9,s22,true,2025-10-17T03:06:06.456Z,2024-03-16T03:43:19.966Z
p111,Product 111,Product description 111,8813,SKU-111,pcs,INR,c19,s7,true,2025-02-06T02:55:39.751Z,2025-03-12T14:52:11.379Z
p112,Product 112,Product description 112,43868,SKU-112,pcs,INR,c17,s25,true,2026-01-20T23:22:01.055Z,2024-09-17T16:07:35.816Z
p113,Product 113,Product description 113,70699,SKU-113,pcs,INR,c9,s1,true,2024-05-07T14:18:26.891Z,2025-06-07T19:09:45.473Z
p114,Product 114,Product description 114,9417,SKU-114,pcs,INR,c18,s27,true,2025-03-22T11:34:02.271Z,2025-02-18T02:47:02.951Z
p115,Product 115,Product description 115,21075,SKU-115,pcs,INR,c14,s9,true,2025-11-26T04:17:31.139Z,2025-04-19T00:42:31.440Z
p116,Product 116,Product description 116,43254,SKU-116,pcs,INR,c12,s23,true,2025-10-17T21:45:15.724Z,2025-10-02T09:08:19.608Z
p117,Product 117,Product description 117,61803,SKU-117,pcs,INR,c2,s10,true,2024-09-04T07:25:07.680Z,2024-07-18T19:44:05.525Z
p118,Product 118,Product description 118,50692,SKU-118,pcs,INR,c5,s15,true,2025-11-25T03:12:35.953Z,2024-03-31T13:22:54.113Z
p119,Product 119,Product description 119,50118,SKU-119,pcs,INR,c9,s25,true,2024-05-28T17:11:31.656Z,2025-11-16T00:38:08.484Z
p120,Product 120,Product description 120,23941,SKU-120,pcs,INR,c11,s21,true,2025-05-08T19:30:17.922Z,2025-06-30T09:28:20.305Z
p121,Product 121,Product description 121,45983,SKU-121,pcs,INR,c18,s18,true,2024-03-10T20:15:06.794Z,2026-01-28T07:10:26.232Z
p122,Product 122,Product description 122,4138,SKU-122,pcs,INR,c2,s26,true,2025-11-22T22:04:25.777Z,2024-07-16T18:38:25.705Z
p123,Product 123,Product description 123,54852,SKU-123,pcs,INR,c6,s15,true,2024-05-02T00:50:36.098Z,2024-05-19T08:04:11.743Z
p124,Product 124,Product description 124,35180,SKU-124,pcs,INR,c10,s23,true,2024-12-31T13:02:35.661Z,2025-10-02T00:19:36.962Z
p125,Product 125,Product description 125,23907,SKU-125,pcs,INR,c17,s3,true,2025-05-17T07:47:04.972Z,2025-05-14T06:18:29.449Z
p126,Product 126,Product description 126,37575,SKU-126,pcs,INR,c17,s1,true,2025-03-06T06:37:42.313Z,2024-06-17T15:20:31.750Z
p127,Product 127,Product description 127,18217,SKU-127,pcs,INR,c18,s13,true,2025-08-01T21:08:59.855Z,2024-03-13T13:28:55.890Z
p128,Product 128,Product description 128,53323,SKU-128,pcs,INR,c14,s18,true,2025-10-01T12:12:22.104Z,2026-01-18T22:29:24.312Z
p129,Product 129,Product description 129,25099,SKU-129,pcs,INR,c13,s14,true,2025-02-10T11:20:53.642Z,2024-11-07T17:14:37.010Z
p130,Product 130,Product description 130,58876,SKU-130,pcs,INR,c19,s15,true,2025-11-26T20:14:43.990Z,2025-03-22T21:31:48.991Z
p131,Product 131,Product description 131,10664,SKU-131,pcs,INR,c1,s7,true,2025-04-15T22:34:59.287Z,2025-04-18T09:32:03.425Z
p132,Product 132,Product description 132,60353,SKU-132,pcs,INR,c11,s24,true,2025-04-10T01:08:40.238Z,2025-03-02T09:12:49.002Z
p133,Product 133,Product description 133,62657,SKU-133,pcs,INR,c5,s11,true,2025-05-25T02:34:23.853Z,2024-11-02T04:57:06.490Z
p134,Product 134,Product description 134,56311,SKU-134,pcs,INR,c12,s8,true,2024-09-11T17:12:17.774Z,2025-02-19T01:49:19.801Z
p135,Product 135,Product description 135,15127,SKU-135,pcs,INR,c19,s20,true,2024-06-03T20:08:23.568Z,2024-04-08T16:31:52.659Z
p136,Product 136,Product description 136,77501,SKU-136,pcs,INR,c2,s22,true,2025-07-11T08:37:34.787Z,2024-04-26T16:29:15.295Z
p137,Product 137,Product description 137,16252,SKU-137,pcs,INR,c7,s5,true,2024-05-12T13:49:28.648Z,2025-06-16T03:45:05.462Z
p138,Product 138,Product description 138,78960,SKU-138,pcs,INR,c9,s26,true,2025-03-12T16:52:06.046Z,2025-01-30T15:32:51.460Z
p139,Product 139,Product description 139,33494,SKU-139,pcs,INR,c12,s5,true,2024-10-27T19:08:21.323Z,2024-09-19T14:13:07.522Z
p140,Product 140,Product description 140,16904,SKU-140,pcs,INR,c6,s2,true,2024-05-30T15:45:06.646Z,2025-03-05T09:02:18.266Z
p141,Product 141,Product description 141,24364,SKU-141,pcs,INR,c18,s13,true,2025-10-03T10:52:35.753Z,2025-09-01T14:05:41.155Z
p142,Product 142,Product description 142,22135,SKU-142,pcs,INR,c3,s24,true,2026-01-03T04:11:08.539Z,2024-04-19T20:38:30.610Z
p143,Product 143,Product description 143,16027,SKU-143,pcs,INR,c11,s29,true,2024-03-23T04:40:34.549Z,2024-09-15T03:43:11.360Z
p144,Product 144,Product description 144,60965,SKU-144,pcs,INR,c16,s8,true,2025-09-05T08:44:24.673Z,2025-05-22T03:01:07.911Z
p145,Product 145,Product description 145,57189,SKU-145,pcs,INR,c10,s7,true,2026-02-16T01:21:16.437Z,2025-11-29T18:47:07.721Z
p146,Product 146,Product description 146,56607,SKU-146,pcs,INR,c7,s1,true,2025-10-26T07:06:02.765Z,2024-11-19T18:47:06.055Z
p147,Product 147,Product description 147,72890,SKU-147,pcs,INR,c18,s30,true,2025-04-06T14:29:30.075Z,2024-06-11T00:10:44.142Z
p148,Product 148,Product description 148,72741,SKU-148,pcs,INR,c4,s12,true,2025-06-08T20:52:34.505Z,2024-05-14T05:50:40.918Z
p149,Product 149,Product description 149,8790,SKU-149,pcs,INR,c1,s2,true,2025-05-21T02:35:03.179Z,2025-07-21T16:12:15.788Z
p150,Product 150,Product description 150,30855,SKU-150,pcs,INR,c19,s28,true,2025-04-04T19:42:12.561Z,2025-11-04T07:58:24.175Z
p151,Product 151,Product description 151,46126,SKU-151,pcs,INR,c18,s29,true,2024-04-18T06:28:33.611Z,2025-09-11T08:04:20.504Z
p152,Product 152,Product description 152,57299,SKU-152,pcs,INR,c18,s29,true,2025-09-08T07:32:44.198Z,2024-03-31T12:34:57.898Z
p153,Product 153,Product description 153,56769,SKU-153,pcs,INR,c19,s2,true,2024-11-13T10:09:46.928Z,2025-07-29T05:37:47.116Z
p154,Product 154,Product description 154,32721,SKU-154,pcs,INR,c16,s19,true,2024-08-15T10:27:03.526Z,2024-03-22T05:17:18.315Z
p155,Product 155,Product description 155,54620,SKU-155,pcs,INR,c14,s24,true,2026-02-16T00:21:15.747Z,2025-05-23T20:07:32.247Z
p156,Product 156,Product description 156,34779,SKU-156,pcs,INR,c9,s21,true,2024-09-18T07:59:48.358Z,2025-04-25T09:57:26.349Z
p157,Product 157,Product description 157,44663,SKU-157,pcs,INR,c17,s26,true,2025-07-27T06:13:20.457Z,2025-09-13T13:41:45.671Z
p158,Product 158,Product description 158,3289,SKU-158,pcs,INR,c6,s1,true,2025-03-29T04:32:05.330Z,2024-07-11T17:08:11.517Z
p159,Product 159,Product description 159,48731,SKU-159,pcs,INR,c11,s16,true,2024-06-22T17:44:36.827Z,2025-06-11T14:01:21.873Z
p160,Product 160,Product description 160,53153,SKU-160,pcs,INR,c12,s13,true,2024-09-24T15:22:36.680Z,2026-02-25T02:04:56.331Z
p161,Product 161,Product description 161,26907,SKU-161,pcs,INR,c14,s2,true,2025-03-26T09:13:12.254Z,2024-12-17T09:47:18.651Z
p162,Product 162,Product description 162,20100,SKU-162,pcs,INR,c19,s19,true,2024-06-17T21:57:34.383Z,2024-04-28T03:24:43.571Z
p163,Product 163,Product description 163,9301,SKU-163,pcs,INR,c10,s3,true,2024-04-27T04:46:38.716Z,2024-11-09T07:40:31.890Z
p164,Product 164,Product description 164,79241,SKU-164,pcs,INR,c4,s6,true,2024-04-02T18:42:17.947Z,2025-07-04T01:14:15.148Z
p165,Product 165,Product description 165,65866,SKU-165,pcs,INR,c7,s2,true,2025-08-10T21:26:13.057Z,2024-07-04T16:58:00.456Z
p166,Product 166,Product description 166,44191,SKU-166,pcs,INR,c19,s19,true,2025-06-04T17:58:40.638Z,2025-02-01T11:55:16.922Z
p167,Product 167,Product description 167,41246,SKU-167,pcs,INR,c11,s3,true,2025-12-29T12:34:40.807Z,2024-08-21T02:41:31.279Z
p168,Product 168,Product description 168,22872,SKU-168,pcs,INR,c11,s16,true,2024-06-29T23:29:50.519Z,2024-10-03T17:37:21.573Z
p169,Product 169,Product description 169,4467,SKU-169,pcs,INR,c15,s11,true,2026-01-23T07:09:02.171Z,2024-07-26T09:58:51.403Z
p170,Product 170,Product description 170,19633,SKU-170,pcs,INR,c18,s11,true,2024-06-15T01:41:03.286Z,2024-10-05T19:24:42.450Z
p171,Product 171,Product description 171,67572,SKU-171,pcs,INR,c15,s11,true,2024-10-23T05:38:55.433Z,2025-07-15T05:07:58.931Z
p172,Product 172,Product description 172,40398,SKU-172,pcs,INR,c6,s16,true,2025-03-31T18:29:02.336Z,2026-02-23T17:42:44.132Z
p173,Product 173,Product description 173,22798,SKU-173,pcs,INR,c13,s14,true,2025-07-24T06:17:36.727Z,2024-04-20T05:00:26.251Z
p174,Product 174,Product description 174,17857,SKU-174,pcs,INR,c10,s21,true,2024-08-05T01:53:31.478Z,2025-10-11T07:22:47.133Z
p175,Product 175,Product description 175,13757,SKU-175,pcs,INR,c6,s22,true,2026-02-01T06:54:51.730Z,2024-05-31T22:35:49.124Z
p176,Product 176,Product description 176,41999,SKU-176,pcs,INR,c14,s13,true,2025-08-20T09:37:21.956Z,2025-12-21T06:03:33.962Z
p177,Product 177,Product description 177,23115,SKU-177,pcs,INR,c7,s30,true,2024-09-01T16:32:13.954Z,2025-03-03T06:51:42.165Z
p178,Product 178,Product description 178,42857,SKU-178,pcs,INR,c11,s6,true,2025-10-28T00:21:09.949Z,2024-11-09T22:01:13.385Z
p179,Product 179,Product description 179,58839,SKU-179,pcs,INR,c16,s10,true,2024-09-13T06:04:25.013Z,2025-07-07T02:41:55.722Z
p180,Product 180,Product description 180,57210,SKU-180,pcs,INR,c10,s3,true,2024-04-12T03:41:06.593Z,2024-05-05T01:59:22.467Z
p181,Product 181,Product description 181,24331,SKU-181,pcs,INR,c10,s30,true,2025-11-20T08:22:30.494Z,2025-05-07T13:41:33.201Z
p182,Product 182,Product description 182,58207,SKU-182,pcs,INR,c14,s24,true,2024-07-31T06:35:59.271Z,2026-02-23T02:10:17.765Z
p183,Product 183,Product description 183,3658,SKU-183,pcs,INR,c14,s29,true,2025-01-02T15:35:05.222Z,2024-08-08T23:58:52.119Z
p184,Product 184,Product description 184,10152,SKU-184,pcs,INR,c17,s5,true,2024-08-30T11:49:15.838Z,2025-06-26T12:42:51.437Z
p185,Product 185,Product description 185,64354,SKU-185,pcs,INR,c20,s12,true,2024-11-19T13:32:40.817Z,2025-06-10T23:45:25.211Z
p186,Product 186,Product description 186,55465,SKU-186,pcs,INR,c11,s27,true,2025-10-02T20:52:20.257Z,2024-03-07T22:33:46.240Z
p187,Product 187,Product description 187,65659,SKU-187,pcs,INR,c6,s28,true,2025-11-03T14:51:03.525Z,2025-07-20T23:33:23.736Z
p188,Product 188,Product description 188,42439,SKU-188,pcs,INR,c8,s14,true,2024-09-08T21:09:24.025Z,2024-12-29T01:06:48.288Z
p189,Product 189,Product description 189,18888,SKU-189,pcs,INR,c20,s9,true,2025-07-12T04:45:39.844Z,2024-10-01T22:28:57.423Z
p190,Product 190,Product description 190,63181,SKU-190,pcs,INR,c6,s25,true,2025-08-04T03:47:18.081Z,2024-11-16T11:22:40.298Z
p191,Product 191,Product description 191,47146,SKU-191,pcs,INR,c3,s3,true,2026-01-19T15:53:24.613Z,2024-11-01T15:53:13.419Z
p192,Product 192,Product description 192,78095,SKU-192,pcs,INR,c18,s23,true,2024-11-28T14:00:08.665Z,2025-03-27T08:33:03.977Z
p193,Product 193,Product description 193,7549,SKU-193,pcs,INR,c7,s24,true,2024-04-11T05:35:32.560Z,2025-07-07T06:48:24.216Z
p194,Product 194,Product description 194,32767,SKU-194,pcs,INR,c18,s3,true,2025-05-08T06:38:44.167Z,2025-11-16T00:36:23.045Z
p195,Product 195,Product description 195,53530,SKU-195,pcs,INR,c6,s30,true,2024-07-15T22:37:06.512Z,2025-01-27T19:00:47.507Z
p196,Product 196,Product description 196,66509,SKU-196,pcs,INR,c13,s11,true,2026-01-04T00:35:20.372Z,2025-06-06T10:23:55.840Z
p197,Product 197,Product description 197,477,SKU-197,pcs,INR,c11,s4,true,2024-12-12T04:16:27.375Z,2025-10-23T17:27:58.511Z
p198,Product 198,Product description 198,50408,SKU-198,pcs,INR,c10,s28,true,2026-01-04T19:32:21.811Z,2026-01-01T05:50:27.144Z
p199,Product 199,Product description 199,22533,SKU-199,pcs,INR,c7,s4,true,2024-10-12T12:19:13.739Z,2024-05-04T15:03:26.974Z
p200,Product 200,Product description 200,74904,SKU-200,pcs,INR,c15,s1,true,2025-06-30T04:18:34.938Z,2024-08-11T08:01:52.752Z
p201,Product 201,Product description 201,42200,SKU-201,pcs,INR,c7,s5,true,2024-11-14T14:39:30.716Z,2025-07-07T17:39:51.944Z
p202,Product 202,Product description 202,48999,SKU-202,pcs,INR,c7,s18,true,2025-02-20T16:44:34.102Z,2025-02-05T16:05:07.774Z
p203,Product 203,Product description 203,27385,SKU-203,pcs,INR,c9,s23,true,2024-04-17T04:57:41.213Z,2024-06-05T02:36:18.805Z
p204,Product 204,Product description 204,73727,SKU-204,pcs,INR,c4,s7,true,2025-05-08T12:36:30.247Z,2025-07-10T20:48:47.649Z
p205,Product 205,Product description 205,66360,SKU-205,pcs,INR,c19,s4,true,2024-08-28T07:26:48.610Z,2024-10-01T19:45:12.735Z
p206,Product 206,Product description 206,67674,SKU-206,pcs,INR,c10,s5,true,2025-06-22T06:54:38.712Z,2025-11-11T07:17:49.333Z
p207,Product 207,Product description 207,49525,SKU-207,pcs,INR,c19,s16,true,2025-09-07T06:28:25.383Z,2024-08-21T16:30:32.197Z
p208,Product 208,Product description 208,4419,SKU-208,pcs,INR,c19,s17,true,2024-12-28T02:19:05.110Z,2024-12-27T11:03:17.155Z
p209,Product 209,Product description 209,37536,SKU-209,pcs,INR,c16,s19,true,2026-01-29T21:20:10.715Z,2025-11-24T19:03:47.971Z
p210,Product 210,Product description 210,2047,SKU-210,pcs,INR,c6,s1,true,2025-09-14T07:56:39.762Z,2025-05-07T11:31:12.180Z
p211,Product 211,Product description 211,33591,SKU-211,pcs,INR,c1,s28,true,2025-02-16T16:06:51.688Z,2025-03-02T21:25:21.920Z
p212,Product 212,Product description 212,8914,SKU-212,pcs,INR,c13,s21,true,2025-06-01T14:51:18.737Z,2024-11-17T19:30:35.784Z
p213,Product 213,Product description 213,56389,SKU-213,pcs,INR,c20,s27,true,2025-12-14T14:55:33.416Z,2024-11-06T14:21:15.818Z
p214,Product 214,Product description 214,56485,SKU-214,pcs,INR,c17,s17,true,2024-08-04T02:57:59.072Z,2024-09-26T05:09:33.884Z
p215,Product 215,Product description 215,24617,SKU-215,pcs,INR,c14,s5,true,2024-07-24T12:38:14.141Z,2026-01-06T19:08:17.173Z
p216,Product 216,Product description 216,75122,SKU-216,pcs,INR,c12,s30,true,2025-06-22T03:17:16.894Z,2025-02-11T05:12:26.935Z
p217,Product 217,Product description 217,47082,SKU-217,pcs,INR,c4,s29,true,2024-09-21T13:02:59.259Z,2024-05-09T09:20:40.621Z
p218,Product 218,Product description 218,27146,SKU-218,pcs,INR,c15,s24,true,2025-06-22T03:25:30.620Z,2024-11-11T23:17:46.963Z
p219,Product 219,Product description 219,33587,SKU-219,pcs,INR,c9,s17,true,2024-09-26T03:23:49.294Z,2025-04-02T04:44:03.088Z
p220,Product 220,Product description 220,2818,SKU-220,pcs,INR,c6,s22,true,2025-01-27T02:27:21.158Z,2024-03-14T17:38:15.715Z
p221,Product 221,Product description 221,7788,SKU-221,pcs,INR,c1,s20,true,2025-10-08T16:38:13.636Z,2025-10-06T13:09:58.343Z
p222,Product 222,Product description 222,40165,SKU-222,pcs,INR,c19,s14,true,2025-03-26T18:20:08.299Z,2024-12-07T04:07:46.305Z
p223,Product 223,Product description 223,70017,SKU-223,pcs,INR,c10,s12,true,2024-09-25T02:58:37.432Z,2024-04-06T12:50:16.849Z
p224,Product 224,Product description 224,65055,SKU-224,pcs,INR,c19,s8,true,2025-04-04T18:50:02.058Z,2024-04-23T14:34:40.464Z
p225,Product 225,Product description 225,42389,SKU-225,pcs,INR,c19,s12,true,2025-10-09T16:04:11.154Z,2025-12-25T00:36:29.599Z
p226,Product 226,Product description 226,27618,SKU-226,pcs,INR,c14,s15,true,2024-12-19T20:28:16.370Z,2024-10-05T00:26:23.296Z
p227,Product 227,Product description 227,76684,SKU-227,pcs,INR,c2,s26,true,2025-02-26T16:11:31.446Z,2025-01-27T11:56:12.622Z
p228,Product 228,Product description 228,43302,SKU-228,pcs,INR,c2,s6,true,2024-08-09T02:06:16.406Z,2026-01-09T13:58:04.228Z
p229,Product 229,Product description 229,71965,SKU-229,pcs,INR,c5,s3,true,2025-12-24T01:37:56.737Z,2024-09-13T03:01:35.840Z
p230,Product 230,Product description 230,34327,SKU-230,pcs,INR,c14,s28,true,2025-05-13T01:38:00.156Z,2025-10-20T11:12:24.239Z
p231,Product 231,Product description 231,177,SKU-231,pcs,INR,c3,s4,true,2025-05-16T21:39:41.621Z,2025-04-08T05:58:51.793Z
p232,Product 232,Product description 232,62825,SKU-232,pcs,INR,c9,s5,true,2024-07-04T18:31:32.144Z,2026-02-22T08:15:48.943Z
p233,Product 233,Product description 233,33869,SKU-233,pcs,INR,c17,s26,true,2025-04-21T08:02:01.848Z,2024-06-26T13:26:19.386Z
p234,Product 234,Product description 234,76372,SKU-234,pcs,INR,c17,s15,true,2025-12-21T00:56:21.813Z,2025-11-16T01:04:14.161Z
p235,Product 235,Product description 235,39357,SKU-235,pcs,INR,c14,s7,true,2025-06-21T16:01:25.289Z,2025-08-02T20:19:08.164Z
p236,Product 236,Product description 236,9251,SKU-236,pcs,INR,c13,s29,true,2024-08-31T17:37:15.756Z,2024-09-16T03:26:05.917Z
p237,Product 237,Product description 237,3231,SKU-237,pcs,INR,c3,s6,true,2025-04-17T03:57:14.224Z,2024-03-28T04:24:40.109Z
p238,Product 238,Product description 238,32847,SKU-238,pcs,INR,c17,s17,true,2024-11-23T15:01:44.259Z,2024-12-25T23:18:29.424Z
p239,Product 239,Product description 239,68757,SKU-239,pcs,INR,c11,s25,true,2025-05-13T05:13:36.708Z,2025-03-22T13:33:06.413Z
p240,Product 240,Product description 240,63310,SKU-240,pcs,INR,c5,s26,true,2024-06-21T06:32:26.822Z,2025-05-17T03:47:10.917Z
p241,Product 241,Product description 241,44546,SKU-241,pcs,INR,c15,s1,true,2024-03-13T22:50:36.639Z,2025-04-02T14:22:54.162Z
p242,Product 242,Product description 242,8145,SKU-242,pcs,INR,c5,s7,true,2024-06-29T05:49:41.431Z,2024-04-30T17:12:19.936Z
p243,Product 243,Product description 243,74618,SKU-243,pcs,INR,c4,s7,true,2025-10-23T13:17:18.848Z,2025-03-24T21:46:28.708Z
p244,Product 244,Product description 244,5538,SKU-244,pcs,INR,c6,s29,true,2025-03-14T11:12:27.874Z,2024-10-28T07:23:24.225Z
p245,Product 245,Product description 245,33571,SKU-245,pcs,INR,c16,s18,true,2026-02-07T10:54:29.755Z,2026-01-30T14:53:41.154Z
p246,Product 246,Product description 246,64168,SKU-246,pcs,INR,c10,s3,true,2025-06-28T21:10:26.886Z,2025-02-24T17:23:55.556Z
p247,Product 247,Product description 247,21346,SKU-247,pcs,INR,c4,s8,true,2024-06-23T19:20:54.095Z,2025-05-24T01:25:50.909Z
p248,Product 248,Product description 248,9756,SKU-248,pcs,INR,c14,s3,true,2025-04-23T07:08:00.812Z,2024-03-22T00:04:45.606Z
p249,Product 249,Product description 249,8198,SKU-249,pcs,INR,c16,s5,true,2025-03-14T01:35:48.579Z,2025-07-29T02:07:39.076Z
p250,Product 250,Product description 250,60391,SKU-250,pcs,INR,c4,s23,true,2024-05-10T17:27:28.019Z,2025-03-23T15:02:29.272Z
p251,Product 251,Product description 251,17257,SKU-251,pcs,INR,c6,s8,true,2024-03-08T02:23:26.046Z,2025-06-21T03:20:27.423Z
p252,Product 252,Product description 252,70803,SKU-252,pcs,INR,c12,s17,true,2025-12-11T07:49:25.886Z,2024-04-15T12:32:40.163Z
p253,Product 253,Product description 253,73625,SKU-253,pcs,INR,c8,s9,true,2025-11-13T00:28:06.554Z,2025-11-01T10:26:07.120Z
p254,Product 254,Product description 254,68416,SKU-254,pcs,INR,c10,s25,true,2024-10-26T20:13:17.443Z,2025-04-02T03:36:46.580Z
p255,Product 255,Product description 255,7060,SKU-255,pcs,INR,c5,s6,true,2025-08-01T04:40:28.022Z,2024-11-24T04:05:35.505Z
p256,Product 256,Product description 256,52085,SKU-256,pcs,INR,c12,s15,true,2024-03-18T08:12:30.105Z,2024-09-04T10:16:19.733Z
p257,Product 257,Product description 257,62231,SKU-257,pcs,INR,c12,s21,true,2026-01-10T14:50:58.626Z,2025-11-05T16:40:06.590Z
p258,Product 258,Product description 258,36305,SKU-258,pcs,INR,c11,s8,true,2024-12-01T09:39:15.351Z,2024-06-14T11:17:42.235Z
p259,Product 259,Product description 259,63634,SKU-259,pcs,INR,c19,s15,true,2026-01-11T10:43:25.856Z,2026-02-28T16:30:16.334Z
p260,Product 260,Product description 260,39089,SKU-260,pcs,INR,c18,s18,true,2024-03-29T00:27:48.235Z,2024-11-30T19:01:59.249Z
p261,Product 261,Product description 261,10957,SKU-261,pcs,INR,c12,s23,true,2025-08-15T08:37:16.742Z,2024-07-15T03:42:16.163Z
p262,Product 262,Product description 262,39618,SKU-262,pcs,INR,c9,s6,true,2026-02-05T01:14:53.087Z,2024-08-20T10:05:35.245Z
p263,Product 263,Product description 263,76523,SKU-263,pcs,INR,c3,s15,true,2024-05-04T05:09:15.011Z,2024-05-19T04:11:18.012Z
p264,Product 264,Product description 264,44796,SKU-264,pcs,INR,c19,s25,true,2025-05-17T02:16:43.821Z,2025-05-13T23:52:09.771Z
p265,Product 265,Product description 265,27986,SKU-265,pcs,INR,c20,s18,true,2025-05-18T14:59:18.486Z,2024-03-24T15:40:01.682Z
p266,Product 266,Product description 266,2121,SKU-266,pcs,INR,c2,s13,true,2025-04-09T00:13:49.347Z,2025-01-10T01:55:47.644Z
p267,Product 267,Product description 267,26211,SKU-267,pcs,INR,c3,s9,true,2025-11-01T09:31:38.253Z,2024-07-11T17:16:21.339Z
p268,Product 268,Product description 268,66361,SKU-268,pcs,INR,c5,s27,true,2024-04-08T04:28:40.647Z,2025-01-04T14:51:31.802Z
p269,Product 269,Product description 269,18553,SKU-269,pcs,INR,c11,s6,true,2024-11-16T14:15:44.272Z,2025-04-06T17:22:18.701Z
p270,Product 270,Product description 270,37751,SKU-270,pcs,INR,c19,s6,true,2025-02-24T01:27:52.763Z,2025-11-29T07:56:21.942Z
p271,Product 271,Product description 271,40413,SKU-271,pcs,INR,c18,s12,true,2025-05-15T16:23:54.935Z,2024-05-02T01:52:46.583Z
p272,Product 272,Product description 272,61091,SKU-272,pcs,INR,c19,s4,true,2024-05-29T05:11:14.334Z,2025-01-16T23:10:16.018Z
p273,Product 273,Product description 273,72448,SKU-273,pcs,INR,c10,s2,true,2025-07-14T02:38:03.123Z,2025-07-18T09:29:30.372Z
p274,Product 274,Product description 274,49799,SKU-274,pcs,INR,c17,s15,true,2024-09-10T00:48:15.733Z,2025-05-14T14:10:58.217Z
p275,Product 275,Product description 275,13628,SKU-275,pcs,INR,c17,s14,true,2024-03-24T08:15:40.355Z,2024-06-17T09:55:54.364Z
p276,Product 276,Product description 276,75508,SKU-276,pcs,INR,c12,s18,true,2024-07-21T21:55:26.821Z,2024-11-01T04:28:53.332Z
p277,Product 277,Product description 277,39567,SKU-277,pcs,INR,c9,s29,true,2024-12-05T05:52:11.455Z,2024-11-11T23:01:09.592Z
p278,Product 278,Product description 278,74731,SKU-278,pcs,INR,c14,s28,true,2024-04-03T12:21:46.289Z,2025-07-06T00:24:44.646Z
p279,Product 279,Product description 279,4053,SKU-279,pcs,INR,c16,s6,true,2024-04-27T07:00:37.836Z,2024-11-16T19:07:18.392Z
p280,Product 280,Product description 280,17377,SKU-280,pcs,INR,c4,s13,true,2025-05-20T04:28:20.709Z,2024-10-01T23:03:49.140Z
p281,Product 281,Product description 281,10851,SKU-281,pcs,INR,c2,s16,true,2024-03-22T22:35:42.853Z,2024-06-02T09:27:47.394Z
p282,Product 282,Product description 282,43780,SKU-282,pcs,INR,c20,s7,true,2024-12-19T10:13:23.243Z,2025-07-25T12:11:18.591Z
p283,Product 283,Product description 283,24052,SKU-283,pcs,INR,c15,s21,true,2024-08-25T05:08:37.471Z,2026-01-20T11:11:57.593Z
p284,Product 284,Product description 284,19674,SKU-284,pcs,INR,c19,s10,true,2025-09-12T18:51:08.507Z,2025-08-29T10:42:42.834Z
p285,Product 285,Product description 285,38810,SKU-285,pcs,INR,c13,s13,true,2025-07-30T11:06:10.242Z,2024-12-01T11:50:47.168Z
p286,Product 286,Product description 286,20419,SKU-286,pcs,INR,c5,s9,true,2025-01-04T02:59:53.458Z,2026-01-10T14:06:19.508Z
p287,Product 287,Product description 287,15151,SKU-287,pcs,INR,c10,s15,true,2024-06-07T12:26:29.728Z,2026-01-25T01:44:14.217Z
p288,Product 288,Product description 288,51427,SKU-288,pcs,INR,c3,s21,true,2025-10-14T14:47:57.219Z,2024-05-21T23:29:11.021Z
p289,Product 289,Product description 289,46107,SKU-289,pcs,INR,c16,s4,true,2025-05-09T10:48:10.771Z,2024-11-26T00:58:35.910Z
p290,Product 290,Product description 290,11319,SKU-290,pcs,INR,c6,s20,true,2024-03-31T07:51:39.511Z,2024-09-27T22:02:08.468Z
p291,Product 291,Product description 291,26374,SKU-291,pcs,INR,c6,s24,true,2025-12-15T08:59:38.591Z,2025-06-16T14:57:28.449Z
p292,Product 292,Product description 292,43795,SKU-292,pcs,INR,c5,s13,true,2024-03-25T16:00:43.629Z,2025-10-14T01:51:08.670Z
p293,Product 293,Product description 293,71208,SKU-293,pcs,INR,c10,s2,true,2025-12-15T15:13:42.626Z,2024-07-30T20:09:56.019Z
p294,Product 294,Product description 294,887,SKU-294,pcs,INR,c3,s21,true,2025-04-07T21:44:43.496Z,2025-05-06T02:26:40.936Z
p295,Product 295,Product description 295,38794,SKU-295,pcs,INR,c9,s8,true,2025-07-14T09:51:54.209Z,2025-05-04T23:16:19.409Z
p296,Product 296,Product description 296,10637,SKU-296,pcs,INR,c16,s10,true,2025-10-29T14:38:10.004Z,2024-10-03T10:28:44.593Z
p297,Product 297,Product description 297,28944,SKU-297,pcs,INR,c1,s5,true,2025-01-14T10:12:22.142Z,2024-03-21T12:30:31.173Z
p298,Product 298,Product description 298,1482,SKU-298,pcs,INR,c14,s17,true,2025-10-24T03:51:33.724Z,2025-05-30T05:35:08.379Z
p299,Product 299,Product description 299,35149,SKU-299,pcs,INR,c7,s7,true,2024-10-04T18:09:22.268Z,2024-11-07T19:51:48.139Z
p300,Product 300,Product description 300,33558,SKU-300,pcs,INR,c15,s7,true,2024-11-10T06:39:48.168Z,2024-03-12T17:45:01.752Z
p301,Product 301,Product description 301,69834,SKU-301,pcs,INR,c7,s14,true,2025-12-21T08:11:41.574Z,2024-05-16T00:56:04.080Z
p302,Product 302,Product description 302,59162,SKU-302,pcs,INR,c18,s6,true,2025-10-25T10:25:34.821Z,2026-01-13T01:01:23.683Z
p303,Product 303,Product description 303,79948,SKU-303,pcs,INR,c6,s25,true,2025-06-10T12:01:50.206Z,2024-07-15T23:03:00.348Z
p304,Product 304,Product description 304,10768,SKU-304,pcs,INR,c10,s28,true,2024-08-14T23:59:37.654Z,2025-10-20T01:38:43.027Z
p305,Product 305,Product description 305,23857,SKU-305,pcs,INR,c18,s13,true,2024-09-06T11:12:39.611Z,2025-04-08T03:50:43.573Z
p306,Product 306,Product description 306,3954,SKU-306,pcs,INR,c6,s4,true,2024-05-22T09:35:04.030Z,2025-09-20T08:55:40.762Z
p307,Product 307,Product description 307,45784,SKU-307,pcs,INR,c7,s29,true,2025-12-10T09:09:08.034Z,2024-08-25T22:26:27.507Z
p308,Product 308,Product description 308,50541,SKU-308,pcs,INR,c8,s29,true,2024-07-26T01:27:38.169Z,2024-08-24T08:53:55.763Z
p309,Product 309,Product description 309,75859,SKU-309,pcs,INR,c7,s20,true,2025-05-27T10:08:44.585Z,2025-02-09T17:29:21.140Z
p310,Product 310,Product description 310,55242,SKU-310,pcs,INR,c3,s22,true,2025-01-20T06:43:18.881Z,2025-01-26T00:57:50.798Z
p311,Product 311,Product description 311,78071,SKU-311,pcs,INR,c3,s9,true,2026-01-11T05:25:40.022Z,2025-06-15T20:22:08.425Z
p312,Product 312,Product description 312,19930,SKU-312,pcs,INR,c12,s14,true,2024-11-17T08:30:22.154Z,2025-09-14T10:55:30.852Z
p313,Product 313,Product description 313,24136,SKU-313,pcs,INR,c15,s3,true,2025-06-28T21:08:23.334Z,2025-03-10T17:16:40.153Z
p314,Product 314,Product description 314,32813,SKU-314,pcs,INR,c5,s24,true,2024-03-24T20:07:09.017Z,2025-12-04T22:21:46.042Z
p315,Product 315,Product description 315,69855,SKU-315,pcs,INR,c10,s26,true,2025-03-19T17:56:26.801Z,2024-05-13T15:40:05.780Z
p316,Product 316,Product description 316,64112,SKU-316,pcs,INR,c8,s25,true,2025-02-16T07:48:18.987Z,2025-11-05T09:37:12.466Z
p317,Product 317,Product description 317,47687,SKU-317,pcs,INR,c13,s15,true,2025-04-13T18:07:11.116Z,2025-09-19T03:28:05.922Z
p318,Product 318,Product description 318,48332,SKU-318,pcs,INR,c16,s13,true,2025-05-26T22:08:56.017Z,2024-04-23T22:40:50.560Z
p319,Product 319,Product description 319,5259,SKU-319,pcs,INR,c4,s2,true,2025-04-20T19:17:18.284Z,2026-01-26T02:55:48.964Z
p320,Product 320,Product description 320,75261,SKU-320,pcs,INR,c19,s28,true,2025-12-06T13:27:05.458Z,2025-10-23T09:27:23.567Z
p321,Product 321,Product description 321,13812,SKU-321,pcs,INR,c18,s7,true,2025-11-06T12:55:19.766Z,2024-03-15T07:39:01.652Z
p322,Product 322,Product description 322,33080,SKU-322,pcs,INR,c6,s12,true,2024-12-12T14:43:19.773Z,2024-12-10T23:03:00.928Z
p323,Product 323,Product description 323,25594,SKU-323,pcs,INR,c8,s10,true,2024-10-01T05:47:18.025Z,2024-12-04T12:17:41.819Z
p324,Product 324,Product description 324,2008,SKU-324,pcs,INR,c5,s10,true,2024-08-09T10:42:45.990Z,2024-04-28T02:26:21.283Z
p325,Product 325,Product description 325,11272,SKU-325,pcs,INR,c11,s18,true,2024-08-10T17:32:00.868Z,2026-03-03T12:51:13.916Z
p326,Product 326,Product description 326,77256,SKU-326,pcs,INR,c18,s18,true,2025-12-09T19:53:52.841Z,2025-07-09T15:14:37.796Z
p327,Product 327,Product description 327,54635,SKU-327,pcs,INR,c3,s28,true,2024-06-24T07:51:19.330Z,2025-04-11T21:30:27.690Z
p328,Product 328,Product description 328,44736,SKU-328,pcs,INR,c3,s29,true,2025-03-05T11:52:33.508Z,2025-05-21T00:40:49.083Z
p329,Product 329,Product description 329,56246,SKU-329,pcs,INR,c5,s16,true,2025-04-18T06:07:54.341Z,2024-09-10T06:41:02.863Z
p330,Product 330,Product description 330,23924,SKU-330,pcs,INR,c9,s1,true,2025-05-03T15:27:10.009Z,2024-07-14T01:20:19.612Z
p331,Product 331,Product description 331,10728,SKU-331,pcs,INR,c8,s23,true,2025-12-19T09:00:53.706Z,2025-03-06T23:45:33.484Z
p332,Product 332,Product description 332,42575,SKU-332,pcs,INR,c13,s2,true,2024-03-08T13:08:08.866Z,2024-06-29T16:14:29.246Z
p333,Product 333,Product description 333,13777,SKU-333,pcs,INR,c19,s8,true,2025-09-07T13:34:35.489Z,2025-08-21T05:16:33.921Z
p334,Product 334,Product description 334,25767,SKU-334,pcs,INR,c20,s30,true,2025-06-29T13:12:22.901Z,2026-02-07T22:41:08.073Z
p335,Product 335,Product description 335,12997,SKU-335,pcs,INR,c6,s2,true,2024-03-10T08:34:54.964Z,2024-09-11T04:54:50.885Z
p336,Product 336,Product description 336,8144,SKU-336,pcs,INR,c11,s28,true,2025-05-30T07:05:41.581Z,2025-10-26T03:34:42.329Z
p337,Product 337,Product description 337,42377,SKU-337,pcs,INR,c20,s14,true,2025-02-10T08:08:09.256Z,2025-04-30T19:51:09.051Z
p338,Product 338,Product description 338,28918,SKU-338,pcs,INR,c13,s15,true,2026-01-05T00:02:45.042Z,2024-07-25T21:29:47.505Z
p339,Product 339,Product description 339,30308,SKU-339,pcs,INR,c13,s28,true,2024-05-23T07:04:06.106Z,2024-03-23T09:35:04.608Z
p340,Product 340,Product description 340,2057,SKU-340,pcs,INR,c4,s23,true,2025-08-25T22:24:54.373Z,2024-07-16T08:50:13.884Z
p341,Product 341,Product description 341,58854,SKU-341,pcs,INR,c7,s24,true,2024-12-21T15:45:24.720Z,2025-11-22T08:51:35.494Z
p342,Product 342,Product description 342,64617,SKU-342,pcs,INR,c13,s30,true,2026-01-20T23:31:27.813Z,2024-05-24T10:04:21.142Z
p343,Product 343,Product description 343,21631,SKU-343,pcs,INR,c10,s8,true,2025-11-06T23:39:01.828Z,2026-02-22T14:56:56.236Z
p344,Product 344,Product description 344,22393,SKU-344,pcs,INR,c4,s26,true,2025-05-05T02:52:53.395Z,2025-08-22T17:12:35.463Z
p345,Product 345,Product description 345,51348,SKU-345,pcs,INR,c19,s28,true,2024-10-12T00:35:59.282Z,2025-11-13T19:16:32.867Z
p346,Product 346,Product description 346,4470,SKU-346,pcs,INR,c12,s5,true,2026-01-01T07:01:41.563Z,2025-03-29T23:39:54.519Z
p347,Product 347,Product description 347,76223,SKU-347,pcs,INR,c2,s26,true,2025-06-24T02:07:20.897Z,2025-10-18T23:17:50.440Z
p348,Product 348,Product description 348,9960,SKU-348,pcs,INR,c9,s23,true,2025-11-18T09:11:14.772Z,2025-11-14T20:07:50.467Z
p349,Product 349,Product description 349,37144,SKU-349,pcs,INR,c13,s7,true,2025-12-02T17:36:10.203Z,2026-02-14T20:52:41.136Z
p350,Product 350,Product description 350,39842,SKU-350,pcs,INR,c18,s15,true,2025-07-10T01:40:17.773Z,2025-06-15T00:12:23.206Z
p351,Product 351,Product description 351,3144,SKU-351,pcs,INR,c3,s13,true,2025-10-14T23:16:57.362Z,2024-07-15T02:29:46.185Z
p352,Product 352,Product description 352,63952,SKU-352,pcs,INR,c17,s1,true,2025-10-13T18:41:35.513Z,2024-07-31T08:48:27.618Z
p353,Product 353,Product description 353,70158,SKU-353,pcs,INR,c10,s29,true,2024-11-18T11:10:03.181Z,2025-10-18T23:41:53.577Z
p354,Product 354,Product description 354,75850,SKU-354,pcs,INR,c11,s10,true,2025-07-26T22:29:42.822Z,2025-01-31T11:41:13.701Z
p355,Product 355,Product description 355,6659,SKU-355,pcs,INR,c8,s6,true,2025-06-03T11:50:07.241Z,2025-03-17T08:38:04.347Z
p356,Product 356,Product description 356,4880,SKU-356,pcs,INR,c15,s11,true,2026-02-28T14:05:26.259Z,2024-05-15T14:58:47.139Z
p357,Product 357,Product description 357,29886,SKU-357,pcs,INR,c6,s19,true,2024-08-06T05:45:11.221Z,2025-03-16T12:13:11.450Z
p358,Product 358,Product description 358,20040,SKU-358,pcs,INR,c11,s28,true,2025-05-04T09:35:16.139Z,2024-06-29T02:52:44.090Z
p359,Product 359,Product description 359,776,SKU-359,pcs,INR,c1,s27,true,2025-01-07T04:58:50.818Z,2025-01-16T04:39:20.194Z
p360,Product 360,Product description 360,30091,SKU-360,pcs,INR,c9,s19,true,2025-07-05T13:05:01.869Z,2024-11-09T18:13:20.198Z
p361,Product 361,Product description 361,10835,SKU-361,pcs,INR,c1,s28,true,2026-02-26T14:58:13.089Z,2026-02-01T19:55:52.103Z
p362,Product 362,Product description 362,4907,SKU-362,pcs,INR,c19,s26,true,2026-02-27T18:59:17.084Z,2025-09-02T01:25:09.364Z
p363,Product 363,Product description 363,59741,SKU-363,pcs,INR,c1,s16,true,2026-02-11T20:03:47.222Z,2024-10-31T13:01:56.216Z
p364,Product 364,Product description 364,66869,SKU-364,pcs,INR,c16,s26,true,2024-05-09T22:19:30.133Z,2024-12-08T14:53:39.932Z
p365,Product 365,Product description 365,6756,SKU-365,pcs,INR,c13,s10,true,2025-04-15T18:25:29.801Z,2024-12-27T15:57:03.398Z
p366,Product 366,Product description 366,37121,SKU-366,pcs,INR,c6,s11,true,2026-01-30T05:15:02.391Z,2025-05-19T05:39:09.603Z
p367,Product 367,Product description 367,43847,SKU-367,pcs,INR,c16,s7,true,2025-12-08T09:49:40.206Z,2026-01-01T21:33:50.741Z
p368,Product 368,Product description 368,26863,SKU-368,pcs,INR,c19,s18,true,2026-02-24T21:23:17.877Z,2024-12-14T05:31:19.499Z
p369,Product 369,Product description 369,49938,SKU-369,pcs,INR,c17,s19,true,2024-07-23T11:55:07.156Z,2024-03-25T20:58:17.185Z
p370,Product 370,Product description 370,69043,SKU-370,pcs,INR,c2,s13,true,2024-09-02T14:21:43.958Z,2026-01-04T11:33:48.761Z
p371,Product 371,Product description 371,32547,SKU-371,pcs,INR,c13,s10,true,2024-09-22T09:57:12.104Z,2025-01-11T19:37:03.076Z
p372,Product 372,Product description 372,78769,SKU-372,pcs,INR,c14,s11,true,2025-02-08T10:08:01.757Z,2024-06-09T14:43:48.047Z
p373,Product 373,Product description 373,4112,SKU-373,pcs,INR,c14,s19,true,2024-03-09T03:41:44.949Z,2025-08-22T09:07:46.555Z
p374,Product 374,Product description 374,33586,SKU-374,pcs,INR,c18,s21,true,2024-10-15T07:47:33.199Z,2025-06-11T21:31:55.414Z
p375,Product 375,Product description 375,46453,SKU-375,pcs,INR,c19,s17,true,2025-12-04T11:47:04.813Z,2025-11-29T21:20:08.487Z
p376,Product 376,Product description 376,55814,SKU-376,pcs,INR,c12,s11,true,2024-06-30T15:49:09.704Z,2024-12-31T02:55:54.975Z
p377,Product 377,Product description 377,4273,SKU-377,pcs,INR,c17,s27,true,2024-11-15T02:09:54.695Z,2025-10-10T02:13:37.215Z
p378,Product 378,Product description 378,47833,SKU-378,pcs,INR,c18,s28,true,2025-11-03T09:08:34.832Z,2025-08-26T15:58:17.371Z
p379,Product 379,Product description 379,1193,SKU-379,pcs,INR,c1,s6,true,2024-12-02T07:12:33.265Z,2025-06-14T03:30:30.302Z
p380,Product 380,Product description 380,78237,SKU-380,pcs,INR,c15,s21,true,2024-07-17T18:37:50.281Z,2024-03-14T03:47:42.550Z
p381,Product 381,Product description 381,52919,SKU-381,pcs,INR,c6,s20,true,2025-03-04T14:12:27.239Z,2024-09-25T06:25:26.103Z
p382,Product 382,Product description 382,18130,SKU-382,pcs,INR,c19,s8,true,2024-09-02T17:58:10.897Z,2024-05-05T20:06:33.610Z
p383,Product 383,Product description 383,70592,SKU-383,pcs,INR,c18,s17,true,2024-06-07T23:53:01.821Z,2025-04-28T05:14:18.441Z
p384,Product 384,Product description 384,1077,SKU-384,pcs,INR,c18,s17,true,2024-08-19T16:05:13.552Z,2025-01-15T10:03:14.201Z
p385,Product 385,Product description 385,71182,SKU-385,pcs,INR,c17,s12,true,2025-05-04T00:56:10.098Z,2024-08-28T04:07:03.967Z
p386,Product 386,Product description 386,28680,SKU-386,pcs,INR,c3,s23,true,2025-11-18T04:04:56.890Z,2025-01-25T21:11:17.095Z
p387,Product 387,Product description 387,60386,SKU-387,pcs,INR,c20,s21,true,2024-03-24T22:35:42.872Z,2025-03-09T22:05:33.853Z
p388,Product 388,Product description 388,72208,SKU-388,pcs,INR,c12,s14,true,2024-05-28T11:23:14.618Z,2025-05-29T17:42:34.848Z
p389,Product 389,Product description 389,73027,SKU-389,pcs,INR,c11,s3,true,2024-11-23T00:41:13.644Z,2024-12-13T02:40:06.486Z
p390,Product 390,Product description 390,50297,SKU-390,pcs,INR,c6,s4,true,2024-07-23T11:47:16.705Z,2026-03-05T02:46:44.719Z
p391,Product 391,Product description 391,43662,SKU-391,pcs,INR,c5,s8,true,2024-03-19T02:41:13.486Z,2025-03-29T07:03:00.186Z
p392,Product 392,Product description 392,8779,SKU-392,pcs,INR,c20,s10,true,2024-04-25T02:09:19.583Z,2024-12-19T17:35:13.681Z
p393,Product 393,Product description 393,69749,SKU-393,pcs,INR,c17,s16,true,2025-05-24T18:55:20.090Z,2026-01-04T03:02:09.172Z
p394,Product 394,Product description 394,57960,SKU-394,pcs,INR,c9,s1,true,2026-02-07T10:09:56.456Z,2025-03-02T05:01:34.683Z
p395,Product 395,Product description 395,5307,SKU-395,pcs,INR,c15,s21,true,2025-03-29T14:32:07.429Z,2025-05-22T09:22:47.389Z
p396,Product 396,Product description 396,4919,SKU-396,pcs,INR,c16,s7,true,2024-08-21T17:49:38.895Z,2025-03-14T11:34:22.275Z
p397,Product 397,Product description 397,10434,SKU-397,pcs,INR,c10,s17,true,2025-09-23T05:33:02.757Z,2024-11-09T12:23:57.556Z
p398,Product 398,Product description 398,2585,SKU-398,pcs,INR,c19,s3,true,2025-07-10T05:11:04.672Z,2024-07-01T16:49:37.404Z
p399,Product 399,Product description 399,2897,SKU-399,pcs,INR,c20,s7,true,2024-08-13T17:16:33.526Z,2024-10-03T05:04:46.939Z
p400,Product 400,Product description 400,59708,SKU-400,pcs,INR,c5,s4,true,2024-06-04T00:48:08.559Z,2025-12-17T11:33:16.296Z